sample,massbin,n_gal,zmin,zmax,logm_lo,logm_hi,alpha,alpha_err,slope,slope_err,chi2,dof
BGS_RED_GMM,0,56879,0.1,0.5,9.677661895751953,10.190943717956543,-0.08669816670305668,0.07452120957471513,-2.2198954650298326,6.559136647198513,13.904577882678655,8
BGS_RED_GMM,1,56879,0.1,0.5,10.190946578979492,10.379617691040039,0.13528947520732454,0.11162763101913187,1.210449307088163,9.616702246300296,12.622663831225168,8
BGS_RED_GMM,2,56879,0.1,0.5,10.379619598388672,10.515132904052734,0.28706231731857773,0.12716240655386774,16.02176111888477,11.083875841523058,10.75640839656817,8
BGS_RED_GMM,3,56877,0.1,0.5,10.515134811401367,10.62863826751709,0.6993962764306949,0.13860555011565054,-13.365934375704567,11.994625720938602,10.663673260540513,8
BGS_RED_GMM,4,56878,0.1,0.5,10.628641128540039,10.731449127197266,0.5642333348027914,0.14800703817182936,8.932396007264419,12.764686759069997,13.037695735785253,8
BGS_RED_GMM,5,56879,0.1,0.5,10.731450080871582,10.830371856689453,0.9873619657416006,0.14965353696220934,-22.091921556570977,13.053119943453781,7.425871174347443,8
BGS_RED_GMM,6,56880,0.1,0.5,10.830373764038086,10.930520057678223,1.4107621725708244,0.14789704568190476,-34.546285351097296,12.802241397912953,6.64952743603644,8
BGS_RED_GMM,7,56879,0.1,0.5,10.930523872375488,11.0414400100708,1.3947198943310128,0.13963651965041085,-10.175071061690492,12.297898426360858,6.126919981387827,8
BGS_RED_GMM,8,56879,0.1,0.5,11.041444778442383,11.179584503173828,1.8278464968175283,0.12859286987171936,-18.597872407086676,11.218437351839036,5.911042457902692,8
BGS_RED_GMM,9,56879,0.1,0.5,11.179593086242676,11.494820594787598,2.450434434310546,0.08784917182392224,-13.389968010137688,7.575762753323038,15.625056782204723,8
BGS_RED_SFR,0,99519,0.1,0.5,9.22574520111084,9.877809524536133,1.041170002280474,0.05003051958945991,-3.8328315244372635,4.258616052819679,8.057105167820577,8
BGS_RED_SFR,1,99518,0.1,0.5,9.877812385559082,10.148802757263184,0.7085941725709877,0.07089998397153678,5.821113751229648,6.114755109012753,9.533998424837005,8
BGS_RED_SFR,2,99519,0.1,0.5,10.148804664611816,10.333666801452637,0.8303270417359979,0.08154819052873177,-9.95216260677822,7.146223399950676,11.960747910899,8
BGS_RED_SFR,3,99516,0.1,0.5,10.333667755126953,10.480080604553223,0.750114606263184,0.09601732881651247,2.599852009109919,8.299579666654894,4.842779781506057,8
BGS_RED_SFR,4,99522,0.1,0.5,10.480083465576172,10.607197761535645,0.7765142110486363,0.10014505331562004,5.035310271819808,8.702074345440352,10.48812988219314,8
BGS_RED_SFR,5,99520,0.1,0.5,10.607198715209961,10.725200653076172,0.9725982703876515,0.10241278574876354,-0.9407996019668359,8.952752795032056,9.863771436794224,8
BGS_RED_SFR,6,99519,0.1,0.5,10.725201606750488,10.841522216796875,0.9773149971079216,0.10510319899414576,5.825274292419904,9.088987970917362,5.672223332720702,8
BGS_RED_SFR,7,99519,0.1,0.5,10.841524124145508,10.965479850769043,1.2652902265125894,0.10181268100928254,-1.4793156159576832,8.85264449267343,7.463565361701148,8
BGS_RED_SFR,8,99519,0.1,0.5,10.96548080444336,11.119712829589844,1.8441868069892768,0.09002018119327344,-25.742311502442345,7.923031887979413,10.091103027345342,8
BGS_RED_SFR,9,99520,0.1,0.5,11.119714736938477,11.463865280151367,2.401730739558417,0.06315902899969432,-10.134388782109703,5.463518584559866,15.855982749031032,8
LRG,0,49404,0.4,0.75,10.861021041870117,11.069637298583984,2.166697648549278,0.17030358828791234,-23.512468045996716,14.560545278116606,6.316778641116478,8
LRG,1,49406,0.4,0.75,11.069639205932617,11.15127944946289,2.2244249995483454,0.17735008226842516,-30.838349389346288,15.181129680366166,3.7416092253094337,8
LRG,2,49405,0.4,0.75,11.151283264160156,11.254270553588867,2.3857334494788405,0.14963023518397245,-10.010156690314048,13.02369555766244,13.91706115275127,8
LRG,3,49405,0.4,0.75,11.254273414611816,11.62489128112793,3.125408483149499,0.09295218837894333,-4.387713577172886,8.010454337367328,4.516071650055064,8
